Model,Generalizability Ratio
XGBoost,1.01322163911977
Random Forest,1.0262839624105853
SGDClassifier,1.0352598177667987
Logistic Regression,0.9896532718109756
CatBoost,1.0243274181415838
Gradient Boosting,1.0048745592703798
