Model,Test,P-value
XGBoost,t-test,2.4832215665462797e-25
Random Forest,t-test,8.190265818244213e-42
SGDClassifier,t-test,0.00026727392730455454
Logistic Regression,t-test,0.004820074904048011
CatBoost,t-test,1.0539539828124746e-31
Gradient Boosting,t-test,7.015609331007744e-13
